,Community Area Mentioned,Day and Time,Number of Times Liked,Number of Times Retweeted,Tweet Content,Tweet Latitude,Tweet Longitude
0,englewood,2016-03-12 14:21:01,0.0,0.0,"Chicago (IL) WLS: 1 dead, 1 critical after police standoff in Englewood, police say",0.0,0.0
1,englewood,2016-03-12 14:16:23,0.0,0.0,@realDonaldTrump too bad #Chicago treated you so well.  You should also check out #Englewood while you are there.,0.0,0.0
2,englewood,2016-03-12 13:33:11,1.0,0.0,"Chicago #realestate 7330 S Wood St, Chicago, IL 60636, $25,000: Vacant lot in Chicago, IL - West Englewood https://t.co/v0bOF3eEu6",0.0,0.0
3,englewood,2016-03-12 13:33:11,0.0,0.0,"Chicago #realestate 7159 S Wood St, Chicago, IL 60636, $12,000: Vacant lot in Chicago, IL - West Englewood https://t.co/Sbgs21JseL",0.0,0.0
4,englewood,2016-03-12 13:21:13,0.0,0.0,In the near future englewood is gonna be the most peaceful community in Chicago,0.0,0.0
5,englewood,2016-03-12 12:58:04,0.0,0.0,My week here in Englewood and Chicago in general has changed a great part of me in every aspect of my life. God knows I'll miss these kids.,0.0,0.0
6,englewood,2016-03-12 12:48:02,0.0,0.0,"1 dead, 1 critical after police standoff in Englewood, police say: One person is dead and another is ... https://t.co/rR5N2eOHqv #Chicago",0.0,0.0
7,englewood,2016-03-12 12:47:07,0.0,0.0,"1 dead, 1 critical after police standoff in Englewood, police say: One person is dead and another is‚Ä¶ https://t.co/EptydTQY2h #Chicago #News",0.0,0.0
8,englewood,2016-03-12 12:33:06,0.0,0.0,"1 dead, 1 critical after police standoff in Englewood, police¬†say https://t.co/psFZlhaUNk",0.0,0.0
9,englewood,2016-03-12 10:32:10,0.0,0.0,Man shot in Englewood - https://t.co/yFow1SlocL,0.0,0.0
10,englewood,2016-03-12 10:32:09,0.0,0.0,Man shot in Englewood https://t.co/P5SjSDrdbN,0.0,0.0
11,englewood,2016-03-12 10:32:09,0.0,0.0,Man shot in Englewood - https://t.co/1FrqKYJSNU,0.0,0.0
12,englewood,2016-03-12 10:03:51,0.0,0.0,Man shot in Englewood https://t.co/gVNKI0yo64,0.0,0.0
13,englewood,2016-03-12 06:44:37,0.0,0.0,"üòé @ Chicago (Englewood neighborhood), Illinois https://t.co/LJ5J0yp5zd",-87.66115998,41.78729154
14,englewood,2016-03-12 05:39:34,0.0,0.0,"Englewood Candle-maker's Specialty Scents Include Pina Colada, Pound Cake via @DNAinfoCHI https://t.co/D4U2LzYbGK",0.0,0.0
15,englewood,2016-03-12 05:25:14,0.0,0.0,"Englewood, Austin, and Garfield Park are by far the deadliest neighborhoods in #Chicago. In 2014, these saw 118 #homicides!",0.0,0.0
16,englewood,2016-03-12 04:57:53,0.0,0.0,@samanthajacobs The same people protesting against Trump will be shooting each other in Englewood tonight - Chicago is blue and violent,0.0,0.0
17,englewood,2016-03-12 04:53:39,0.0,1.0,RT @littlelevin: #Chicago Why don't they march on Austin or how bout Englewood or even South Lawndale ? Do they even know what their marchi‚Ä¶,0.0,0.0
18,englewood,2016-03-12 04:51:12,2.0,1.0,#Chicago Why don't they march on Austin or how bout Englewood or even South Lawndale ? Do they even know what their marching for,0.0,0.0
19,englewood,2016-03-12 04:39:09,0.0,0.0,"@LightskinJesuSP &gt;englewood
&gt;chicago

look, if you're going to be a fucking drag on white society, at least know the neighborhoods",0.0,0.0
20,englewood,2016-03-12 04:23:43,2.0,0.0,"Now the protestors are on their way to Englewood to shut down gangs, right? TrumpRally #Chicago",0.0,0.0
21,englewood,2016-03-12 03:17:18,0.0,1.0,RT @CountOnRodney: Thank Southside Chicago shoutout to Englewood üòÇ https://t.co/M6LNcVUHF8,0.0,0.0
22,englewood,2016-03-12 02:56:46,0.0,0.0,https://t.co/6QTkFQ2TMV  meanwhile in #Chicago no one give a shit about black man killed by black man.,0.0,0.0
23,englewood,2016-03-12 02:06:25,0.0,5.0,RT @chicagotribune: Friend: Man shot dead after dropping off son at day care in West Englewood https://t.co/oQDU9q3rKj https://t.co/5QUcSdr‚Ä¶,0.0,0.0
24,englewood,2016-03-12 01:14:19,1.0,1.0,Thank Southside Chicago shoutout to Englewood üòÇ https://t.co/M6LNcVUHF8,0.0,0.0
25,englewood,2016-03-12 01:07:43,0.0,1.0,RT @Mahagony: For Updates &amp; more... Visit LouDGangUSA https://t.co/2BGilibmx4 #LouDGangUSA #Chicago #music #Englewood #rap #hiphop #greencr‚Ä¶,0.0,0.0
26,englewood,2016-03-12 01:06:49,0.0,0.0,Tell yo daughter she's welcomed to come in the Englewood and Roseland area in Chicago üòçüòçüòç @realDonaldTrump,0.0,0.0
27,englewood,2016-03-12 00:51:11,1.0,0.0,"#Chicago You're making me proud tonight!! FUCK Trump!! #TrumpRally That shit don't fly here, fuck around and get dropped in Englewood!",0.0,0.0
28,englewood,2016-03-12 00:18:04,0.0,1.0,For Updates &amp; more... Visit LouDGangUSA https://t.co/2BGilibmx4 #LouDGangUSA #Chicago #music #Englewood #rap #hiphop #greencrack #RT,0.0,0.0
29,englewood,2016-03-11 23:47:29,0.0,5.0,RT @chicagotribune: Friend: Man shot dead after dropping off son at day care in West Englewood https://t.co/oQDU9q3rKj https://t.co/5QUcSdr‚Ä¶,0.0,0.0
30,englewood,2016-03-11 23:37:41,0.0,5.0,RT @chicagotribune: Friend: Man shot dead after dropping off son at day care in West Englewood https://t.co/oQDU9q3rKj https://t.co/5QUcSdr‚Ä¶,0.0,0.0
31,englewood,2016-03-11 23:36:47,0.0,5.0,RT @chicagotribune: Friend: Man shot dead after dropping off son at day care in West Englewood https://t.co/oQDU9q3rKj https://t.co/5QUcSdr‚Ä¶,0.0,0.0
32,englewood,2016-03-11 23:36:04,2.0,5.0,Friend: Man shot dead after dropping off son at day care in West Englewood https://t.co/oQDU9q3rKj https://t.co/5QUcSdrTI1,0.0,0.0
33,englewood,2016-03-11 23:24:38,0.0,0.0,Man wounded in West Englewood shooting https://t.co/itfqZnllSJ,0.0,0.0
34,englewood,2016-03-11 23:14:57,0.0,0.0,"Just posted a photo @ Chicago (Englewood neighborhood), Illinois https://t.co/OiUI87Mfa1",0.0,0.0
35,englewood,2016-03-11 21:51:47,0.0,2.0,"RT @Mahagony: C–Ωecƒ∏ OœÖ—Ç New FEASTIN @perklive @loudgangusa @ Englewood, Chicago https://t.co/2sMSfDNofx",0.0,0.0
36,englewood,2016-03-11 21:49:41,0.0,4.0,"RT @LoudGangUSA: For Updates &amp; more...
Visit @LouDGangUSA https://t.co/zeI9Xl9Cyg
#LouDGangUSA #Chicago #music #Englewood #rap #hiphop #gre‚Ä¶",0.0,0.0
37,englewood,2016-03-11 21:40:15,0.0,2.0,"RT @Mahagony: C–Ωecƒ∏ OœÖ—Ç New FEASTIN @perklive @loudgangusa @ Englewood, Chicago https://t.co/2sMSfDNofx",0.0,0.0
38,englewood,2016-03-11 21:38:35,0.0,1.0,"RT @CSTbreaking: Police: Man fatally shot sitting in car in West Englewood
https://t.co/rBdtBfPI8Z",0.0,0.0
39,englewood,2016-03-11 21:27:39,0.0,0.0,@howardbrownhc announces new clinic in Englewood! #LGBT #health #Chicago https://t.co/LVe8BGOtWr,0.0,0.0
40,englewood,2016-03-11 20:35:01,2.0,1.0,"Police: Man fatally shot sitting in car in West Englewood
https://t.co/rBdtBfPI8Z",0.0,0.0
41,englewood,2016-03-11 20:14:00,0.0,0.0,"Englewood Enterprise Gallery's monthly empowerment open house is Mar 13, with kids activities too #goodinenglewood https://t.co/9TlxkRYl5c",0.0,0.0
42,englewood,2016-03-11 19:20:09,0.0,0.0,Man killed in West Englewood shooting https://t.co/p0ZDVSB8xu,0.0,0.0
43,englewood,2016-03-11 19:17:25,0.0,0.0,@realDonaldTrump welcome to Chicago! Be sure to check out the beautiful historic neighborhoods of oak lawn and Englewood while you're here!,0.0,0.0
44,englewood,2016-03-11 18:48:11,0.0,1.0,RT @ChicagoDailyNew: #Breaking Man wounded in West Englewood shooting https://t.co/bdCvbB1iBV,0.0,0.0
45,englewood,2016-03-11 17:45:39,0.0,1.0,RT @_rdjenkins: Barbershop at the Library interesting program for the kids in Englewood neighborhood of Chicago https://t.co/Ol5tRlcpGW,0.0,0.0
46,englewood,2016-03-11 17:45:13,1.0,1.0,Barbershop at the Library interesting program for the kids in Englewood neighborhood of Chicago https://t.co/Ol5tRlcpGW,0.0,0.0
47,englewood,2016-03-11 17:41:23,0.0,0.0,Man killed in West Englewood shooting https://t.co/vBXCFN5f27,0.0,0.0
48,englewood,2016-03-11 17:36:31,0.0,3.0,RT @ChicagoBreaking: Man wounded in West Englewood shooting https://t.co/vOYxMc3l6F,0.0,0.0
49,englewood,2016-03-11 17:16:24,0.0,0.0,#chicago #news Man killed in West Englewood shooting - A 26-year-old man was fatally wounded Friday morning in ... https://t.co/JXWcH7YDWz,0.0,0.0
50,englewood,2016-03-11 17:09:07,0.0,0.0,Man killed in West Englewood shooting https://t.co/vlDxJxfLNh,0.0,0.0
51,englewood,2016-03-11 16:54:15,0.0,0.0,Man killed in West Englewood shooting https://t.co/ibPoyFElnY,0.0,0.0
52,englewood,2016-03-11 16:41:38,1.0,0.0,"S/o my nigga Harry..... #Life üôåüôåüôå @ Chicago (Englewood neighborhood), Illinois https://t.co/TpthadGi6Y",-87.66115998,41.78729154
53,englewood,2016-03-11 16:40:07,0.0,0.0,Man wounded in West Englewood shooting: A 26-year-old man was wounded Friday morning in a shooting in the city's‚Ä¶ https://t.co/IAUd2bJJdh,0.0,0.0
54,englewood,2016-03-11 16:34:16,1.0,1.0,#Breaking Man wounded in West Englewood shooting https://t.co/bdCvbB1iBV,0.0,0.0
55,englewood,2016-03-11 16:34:16,1.0,0.0,Man wounded in West Englewood shooting https://t.co/KLo3sZADS1 #chicago,0.0,0.0
56,englewood,2016-03-11 16:28:22,0.0,0.0,‚úç RT ChicagoBreaking: Man wounded in West Englewood shooting https://t.co/5azTRx11E9 https://t.co/Plw3pXgJu5,0.0,0.0
57,englewood,2016-03-11 16:26:12,0.0,0.0,Man wounded in West Englewood shooting: A 26-year-old man was wounded Friday morning in a shooting‚Ä¶ https://t.co/oLcLfbVxG8 #Chicago #News,0.0,0.0
58,englewood,2016-03-11 16:25:20,0.0,3.0,RT @ChicagoBreaking: Man wounded in West Englewood shooting https://t.co/vOYxMc3l6F,0.0,0.0
59,englewood,2016-03-11 16:25:01,0.0,3.0,Man wounded in West Englewood shooting https://t.co/vOYxMc3l6F,0.0,0.0
60,englewood,2016-03-11 16:22:09,0.0,0.0,Man wounded in West Englewood shooting: A 26-year-old man was wounded Friday morning in a shooting in the city's‚Ä¶ https://t.co/Eq3nZZp9cQ,0.0,0.0
61,englewood,2016-03-11 12:54:07,0.0,0.0,"Englewood comeback   Great news for Chicago, ""my city.""",0.0,0.0
62,englewood,2016-03-11 08:32:31,0.0,1.0,RT @AndreaVWatson12: Hmm..Here's my story which was published the day before  @kathychaney @Mario_Demiuex https://t.co/n9usOaCPJ3  https://‚Ä¶,0.0,0.0
63,englewood,2016-03-11 08:08:08,0.0,1.0,Hmm..Here's my story which was published the day before  @kathychaney @Mario_Demiuex https://t.co/n9usOaCPJ3  https://t.co/TzEWsAWwP1,0.0,0.0
64,englewood,2016-03-11 05:28:13,1.0,0.0,"Bitch, you created your own Blood set in Chicago called Englewood Dyke Families. Dont let Facebook get you fucked up https://t.co/H2KiDrSVBq",0.0,0.0
65,englewood,2016-03-11 05:01:25,0.0,5.0,RT @jeansvaljeans: insufficient social services and discriminatory hiring practices are failing englewood's senior citizens https://t.co/MV‚Ä¶,0.0,0.0
66,englewood,2016-03-11 05:01:10,0.0,5.0,RT @jeansvaljeans: insufficient social services and discriminatory hiring practices are failing englewood's senior citizens https://t.co/MV‚Ä¶,0.0,0.0
67,englewood,2016-03-11 04:58:08,0.0,2.0,RT @SCFJobs: We're always thrilled to connect talent to great careers like @StepITUpAmerica @AndreaVWatson12 https://t.co/dnMopZrpDy @DNAin‚Ä¶,0.0,0.0
68,englewood,2016-03-11 00:18:01,0.0,0.0,For Updates &amp; more... Visit LouDGangUSA https://t.co/WyatT15qFg #LouDGangUSA #Chicago #music #Englewood #rap #hiphop #greencrack #RT,0.0,0.0
69,englewood,2016-03-10 23:08:30,0.0,0.0,"#EnglewoodCabRobberies
So, are cab robberies the reason why I can't find ANY cabs on GARFIELD BLVD when coming... https://t.co/iqo4EPxIUK",0.0,0.0
70,englewood,2016-03-10 23:07:12,0.0,0.0,"This #job might be a great fit for you: Biomedical Technician I - Ross Dialysis - Englewood - https://t.co/gavbjnxZOI #Chicago, IL #Hiring",-87.6297982,41.8781136
71,englewood,2016-03-10 22:50:40,0.0,0.0,Howard Brown Health Announces New Clinic In Chicago‚Äôs Englewood Neighborhood | Howard Brown Health https://t.co/Y1PrDKMaxh,0.0,0.0
72,englewood,2016-03-10 21:14:50,0.0,0.0,"""Howard Brown Health Announces New Clinic in Chicago's Englewood Neihborhood"" on @LinkedIn https://t.co/SnDf8Wy0AL",0.0,0.0
73,englewood,2016-03-10 21:06:42,0.0,0.0,"I've been working for it, putting in overtime. üôèüèΩ #OT #YKManagement #MEASP @ Chicago (Englewood‚Ä¶ https://t.co/MKkM75xyKK",0.0,0.0
74,englewood,2016-03-10 20:54:33,0.0,0.0,Every Goon in Chicago need to be at the Trump Rally tomorrow. #SouthSide #WestSide #JefferyManor #KillaWard #TerrorTown #Englewood,0.0,0.0
75,englewood,2016-03-10 20:18:17,1.0,0.0,"@kanyewest whats good Ye' remember John Hope? Southside Englewood, Chicago..",0.0,0.0
76,englewood,2016-03-10 17:07:17,1.0,0.0,#TIFThursday - We will talk TIFs here - Englewood Development Focus Group - Let Your Voice Be Heard-March 19th! https://t.co/FpXHtEQ1kF via,0.0,0.0
77,englewood,2016-03-10 16:17:34,0.0,0.0,"See our latest #Chicago, IL #job and click to apply: Dialysis Patient Care Technician - Englewood - Chicago, IL - https://t.co/9ZvmuJu76N",-87.6297982,41.8781136
78,englewood,2016-03-10 15:51:20,0.0,2.0,"RT @CSTbreaking: Police: Cab drivers targeted in West Englewood armed robberies
https://t.co/khLDUct99V",0.0,0.0
79,englewood,2016-03-10 15:43:08,0.0,2.0,"RT @CSTbreaking: Police: Cab drivers targeted in West Englewood armed robberies
https://t.co/khLDUct99V",0.0,0.0
80,englewood,2016-03-10 15:11:59,1.0,0.0,I wish @realDonaldTrump would dare take a trip to Englewood while in Chicago tomorrow üôÇ,0.0,0.0
81,englewood,2016-03-10 15:11:13,0.0,0.0,"Retweeted CivicLab Chicago (@CivicLabChicago):

Here's what Asiaha Butler of Englewood's R.A.G.E. said about ""TIF... https://t.co/JW7U3CE0aE",0.0,0.0
82,englewood,2016-03-10 15:10:06,0.0,0.0,"Retweeted CivicLab Chicago (@CivicLabChicago):

TIF reform fires up voters in Englewood! https://t.co/7MIM81Xu4S https://t.co/elWPSJOLtE",0.0,0.0
83,englewood,2016-03-10 15:09:51,0.0,1.0,RT @CivicLabChicago: TIF reform fires up voters in Englewood! http://t.co/hZDVyKROZ8,0.0,0.0
84,englewood,2016-03-10 08:48:38,0.0,0.0,2 men shot in car in West Englewood.. Related Articles: https://t.co/uIiFbPrROi,0.0,0.0
85,englewood,2016-03-10 08:37:41,0.0,60.0,"RT @DNAinfoCHI: .@SpikeLee calls @chancetherapper a ""fraud,"" rips local critics of #Chiraq https://t.co/z3O29Z6yOc https://t.co/ywi1GZSGqL",0.0,0.0
86,englewood,2016-03-10 04:52:17,0.0,1.0,RT @its_lil_g: South side englewood  Chicago Illinois üíØ https://t.co/LO1g7rzoZ4,0.0,0.0
87,englewood,2016-03-10 04:51:33,2.0,1.0,South side englewood  Chicago Illinois üíØ https://t.co/LO1g7rzoZ4,0.0,0.0
88,englewood,2016-03-10 02:30:13,0.0,5.0,RT @jeansvaljeans: insufficient social services and discriminatory hiring practices are failing englewood's senior citizens https://t.co/MV‚Ä¶,0.0,0.0
89,englewood,2016-03-10 01:14:52,0.0,5.0,RT @jeansvaljeans: insufficient social services and discriminatory hiring practices are failing englewood's senior citizens https://t.co/MV‚Ä¶,0.0,0.0
90,englewood,2016-03-10 00:18:28,0.0,0.0,For Updates &amp; more... Visit LouDGangUSA https://t.co/hnxEHWg41j #LouDGangUSA #Chicago #music #Englewood #rap #hiphop #greencrack #RT,0.0,0.0
91,englewood,2016-03-10 00:18:08,0.0,10.0,RT @ByYourLogic: Chicago neighborhoods like Englewood have poverty rates over 40%. Clinton surrogates will say how irrelevant that is durin‚Ä¶,0.0,0.0
92,englewood,2016-03-10 00:17:44,0.0,10.0,RT @ByYourLogic: Chicago neighborhoods like Englewood have poverty rates over 40%. Clinton surrogates will say how irrelevant that is durin‚Ä¶,0.0,0.0
93,englewood,2016-03-09 23:50:35,0.0,10.0,RT @ByYourLogic: Chicago neighborhoods like Englewood have poverty rates over 40%. Clinton surrogates will say how irrelevant that is durin‚Ä¶,0.0,0.0
94,englewood,2016-03-09 23:38:15,0.0,10.0,RT @ByYourLogic: Chicago neighborhoods like Englewood have poverty rates over 40%. Clinton surrogates will say how irrelevant that is durin‚Ä¶,0.0,0.0
95,englewood,2016-03-09 23:29:26,0.0,10.0,RT @ByYourLogic: Chicago neighborhoods like Englewood have poverty rates over 40%. Clinton surrogates will say how irrelevant that is durin‚Ä¶,0.0,0.0
96,englewood,2016-03-09 23:25:42,0.0,10.0,RT @ByYourLogic: Chicago neighborhoods like Englewood have poverty rates over 40%. Clinton surrogates will say how irrelevant that is durin‚Ä¶,0.0,0.0
97,englewood,2016-03-09 23:24:50,0.0,10.0,RT @ByYourLogic: Chicago neighborhoods like Englewood have poverty rates over 40%. Clinton surrogates will say how irrelevant that is durin‚Ä¶,0.0,0.0
98,englewood,2016-03-09 23:23:41,0.0,10.0,RT @ByYourLogic: Chicago neighborhoods like Englewood have poverty rates over 40%. Clinton surrogates will say how irrelevant that is durin‚Ä¶,0.0,0.0
99,englewood,2016-03-09 23:21:31,0.0,10.0,RT @ByYourLogic: Chicago neighborhoods like Englewood have poverty rates over 40%. Clinton surrogates will say how irrelevant that is durin‚Ä¶,0.0,0.0
100,englewood,2016-03-09 23:18:48,0.0,10.0,RT @ByYourLogic: Chicago neighborhoods like Englewood have poverty rates over 40%. Clinton surrogates will say how irrelevant that is durin‚Ä¶,0.0,0.0
101,englewood,2016-03-09 23:17:24,46.0,10.0,Chicago neighborhoods like Englewood have poverty rates over 40%. Clinton surrogates will say how irrelevant that is during the IL primary,0.0,0.0
102,englewood,2016-03-09 23:08:16,0.0,239.0,RT @thickred3x: Part 1 of some Chicago Southside Englewood shit @kingLongLeg Loft! My camara man the shit... https://t.co/NfVtFqcdZL,0.0,0.0
103,englewood,2016-03-09 22:19:01,0.0,0.0,South side Chicago raised Englewood 59th Carpenter üíØüÖøÔ∏èüòà y'all know Qua,0.0,0.0
104,englewood,2016-03-09 22:02:29,0.0,2.0,"Police: Cab drivers targeted in West Englewood armed robberies
https://t.co/khLDUct99V",0.0,0.0
105,englewood,2016-03-09 21:30:55,0.0,1.0,RT @DJT_RELL: Growin up in Englewood/Chicago had its ups &amp; downs...But if I could it All over again-I SWEAR I would,0.0,0.0
106,englewood,2016-03-09 21:25:40,0.0,1.0,Growin up in Englewood/Chicago had its ups &amp; downs...But if I could it All over again-I SWEAR I would,0.0,0.0
107,englewood,2016-03-09 21:06:00,3.0,5.0,insufficient social services and discriminatory hiring practices are failing englewood's senior citizens https://t.co/MVPSVwlIST,0.0,0.0
108,englewood,2016-03-09 20:06:25,0.0,0.0,chicagonewsnow: Man shot in Englewood neighborhood https://t.co/6RcIBO8JHz #chicago,0.0,0.0
109,englewood,2016-03-09 20:04:21,0.0,0.0,chicagonewsnow: Man shot in Englewood neighborhood https://t.co/j7yOLBN9uF #chicago,0.0,0.0
110,englewood,2016-03-09 19:45:32,0.0,1.0,"RT @CSTbreaking: Man wounded in Englewood shooting, crash https://t.co/ajvh22Jd3w",0.0,0.0
111,englewood,2016-03-09 18:56:14,0.0,2.0,RT @chicagonewsnow: Man shot in Englewood neighborhood https://t.co/6zCpnc45YN #chicago,0.0,0.0
112,englewood,2016-03-09 18:39:51,0.0,0.0,‚Äú@chicagonewsnow: Man shot in Englewood neighborhood https://t.co/TXb1Sh7xPa #chicago‚Äù damn,0.0,0.0
113,englewood,2016-03-09 18:39:32,0.0,2.0,RT @chicagonewsnow: Man shot in Englewood neighborhood https://t.co/6zCpnc45YN #chicago,0.0,0.0
114,englewood,2016-03-09 18:38:42,0.0,2.0,Man shot in Englewood neighborhood https://t.co/6zCpnc45YN #chicago,0.0,0.0
115,englewood,2016-03-09 18:14:00,0.0,0.0,Man shot in Englewood neighborhood https://t.co/nBE5vWLSKn,0.0,0.0
116,englewood,2016-03-09 18:03:16,0.0,0.0,"Man wounded in Englewood shooting, crash https://t.co/Q66H76Os1W #Chiraq",0.0,0.0
117,englewood,2016-03-09 17:45:08,1.0,1.0,"Man wounded in Englewood shooting, crash https://t.co/ajvh22Jd3w",0.0,0.0
118,englewood,2016-03-09 17:42:23,0.0,0.0,Man shot in Englewood neighborhood https://t.co/10YjU8GnW4 #chicago,0.0,0.0
119,englewood,2016-03-09 17:35:32,0.0,1.0,"RT @drocthekid: I like Chicago women, just not the ones from Englewood or the 100s",0.0,0.0
120,englewood,2016-03-09 17:33:21,0.0,1.0,"I like Chicago women, just not the ones from Englewood or the 100s",0.0,0.0
121,englewood,2016-03-09 17:22:07,0.0,0.0,"Man shot in Englewood neighborhood: A 22-year-old man was shot in the Englewood neighborhood Wednesday morning,‚Ä¶ https://t.co/9SA719urjo",0.0,0.0
122,englewood,2016-03-09 17:14:05,0.0,0.0,"Man shot in Englewood neighborhood: A 22-year-old man was shot in the Englewood neighborhood Wednesday morning,‚Ä¶ https://t.co/puVI0alaFH",0.0,0.0
123,englewood,2016-03-09 16:54:06,0.0,0.0,Man shot in Englewood neighborhood: A 22-year-old man was shot in the Englewood neighborhood‚Ä¶ https://t.co/wQkBiwNZLK #Chicago #News,0.0,0.0
124,englewood,2016-03-09 16:53:13,0.0,2.0,"RT @haniainabox: Live tweeting from the @iGrowChi account about the work they do in the Englewood neighborhood of Chicago, check it out!",0.0,0.0
125,englewood,2016-03-09 16:53:01,2.0,2.0,"Live tweeting from the @iGrowChi account about the work they do in the Englewood neighborhood of Chicago, check it out!",0.0,0.0
126,englewood,2016-03-09 16:49:52,0.0,2.0,RT @ChicagoBreaking: Man shot in Englewood neighborhood https://t.co/mdoXbCaloi,0.0,0.0
127,englewood,2016-03-09 16:47:22,0.0,2.0,RT @ChicagoBreaking: Man shot in Englewood neighborhood https://t.co/mdoXbCaloi,0.0,0.0
128,englewood,2016-03-09 16:45:02,0.0,2.0,Man shot in Englewood neighborhood https://t.co/mdoXbCaloi,0.0,0.0
129,englewood,2016-03-09 16:42:26,0.0,1.0,RT @WoImaging: Saw Black Coffee. Definite must see. Inspiration. http://t.co/Q2oi5HqSTO,0.0,0.0
130,englewood,2016-03-09 16:42:24,0.0,1.0,RT @WoImaging: Englewood Filmmaker Mark Harris' 'Black Coffee' Aims to Inspire  via @DNAinfoCHI http://t.co/WJSG5BBnHi,0.0,0.0
131,englewood,2016-03-09 15:46:03,0.0,0.0,Step IT Up America Program to Train and Employ Minority Women in Chicago via @DNAinfoCHI https://t.co/ZUpe7nhCg1,0.0,0.0
132,englewood,2016-03-09 13:29:37,0.0,0.0,"@TommyThornton speaking of which, you'll likely appreciate this article. It's from Jan 16 but the story is relevant. https://t.co/ABTQwPOrdj",0.0,0.0
133,englewood,2016-03-09 09:09:05,0.0,2.0,RT @shermanedwards: Bernie Sanders got arrested in Englewood while wearing a hoodie!?!? #thuglife https://t.co/mxsiOdrvuy,0.0,0.0
134,englewood,2016-03-09 08:48:36,0.0,0.0,2 men shot in car in West Englewood.. Related Articles: https://t.co/uIiFbPrROi,0.0,0.0
135,englewood,2016-03-09 04:21:42,0.0,0.0,Many don't make it out of where I'm from: Englewood Chicago ‚ùó,0.0,0.0
136,englewood,2016-03-09 02:58:13,0.0,0.0,2 men shot in car in West Englewood - Chicago Sun-Times How sad is this very sad I'm SgtFrozen  https://t.co/8SUodQVll2,0.0,0.0
137,englewood,2016-03-09 01:55:21,1.0,0.0,Chicago 1963: Bernie arrested for protesting racial segregation in Englewood public schools(source: Chicago Tribune) https://t.co/XcUQbarRpT,0.0,0.0
138,englewood,2016-03-09 01:02:50,0.0,6.0,"RT @PDX_For_Bernie: #BernieSanders arrest. I grew up on the Southside of Chicago, Englewood is no punk. This man cares. #SCPrimary https://‚Ä¶",0.0,0.0
139,englewood,2016-03-09 00:52:18,0.0,2.0,RT @CSTbreaking: 2 men shot in car in West Englewood https://t.co/JPapd1Tzvq,0.0,0.0
140,englewood,2016-03-09 00:23:30,0.0,0.0,For Updates &amp; more... Visit LouDGangUSA https://t.co/h7xgmhnYQW #LouDGangUSA #Chicago #music #Englewood #rap #hiphop #greencrack #RT,0.0,0.0
141,englewood,2016-03-08 23:44:57,0.0,2.0,RT @CSTbreaking: 2 men shot in car in West Englewood https://t.co/JPapd1Tzvq,0.0,0.0
142,englewood,2016-03-08 23:43:28,0.0,2.0,2 men shot in car in West Englewood https://t.co/JPapd1Tzvq,0.0,0.0
143,englewood,2016-03-08 23:09:30,0.0,4.0,"RT @LoudGangUSA: For Updates &amp; more...
Visit @LouDGangUSA https://t.co/zeI9Xl9Cyg
#LouDGangUSA #Chicago #music #Englewood #rap #hiphop #gre‚Ä¶",0.0,0.0
144,englewood,2016-03-08 21:59:36,0.0,0.0,South Side Mural Called 'Mother Englewood' by Residents via @DNAinfoCHI https://t.co/3tccy8sv9e,0.0,0.0
145,englewood,2016-03-08 21:48:02,0.0,0.0,"@writingtoatee I saw that but Chicago also has englewood and pilsen, im sure he would be welcome with open arms üòä",-87.6638541,41.9043757
146,englewood,2016-03-08 18:16:00,0.0,0.0,Englewood Development Focus Group - Let Your Voice Be Heard - March 19th! on Mar 19 https://t.co/FpXHtEQ1kF via @everyblock,0.0,0.0
147,englewood,2016-03-08 17:17:02,0.0,0.0,"Please help Flint Water Crisis Victims

https://t.co/1tk1bgKNHP",0.0,0.0
148,englewood,2016-03-08 16:58:06,0.0,0.0,PNC Bank Presents Teamwork Englewood with #CommunityDevelopment Grant https://t.co/cfoprclCxa,0.0,0.0
149,englewood,2016-03-08 16:51:16,0.0,0.0,@CWLScorpio Chicago!? Not in englewood or Garfield park it isn't or lawdale everyone I know from there goon means thugs. funny conception,0.0,0.0
150,englewood,2016-03-08 16:09:15,0.0,0.0,#GreatinEnglewood - Congrats @tmwkenglewood - PNC Bank Presents Teamwork Englewood with Community Development Grant https://t.co/XaEh22HSxl,0.0,0.0
151,englewood,2016-03-08 12:04:20,0.0,2.0,RT @kskrecordsinc: Nice story Barbershop in the Library serves many purposes #chicago @WindyCityLIVE @ChiDailyNews #englewood  @val_warner,0.0,0.0
152,englewood,2016-03-08 12:04:10,0.0,1.0,RT @NetworkSensei: Those young people look like they know what their doing! Ûæ∞Ä #WeAreMURAL #FoodJustice #Englewood #Chicago https://t.co/WMi‚Ä¶,0.0,0.0
153,englewood,2016-03-08 12:04:07,0.0,1.0,RT @NetworkSensei: Congratulations to our young #CookingMatters graduates! #WeAreMURAL #FoodJustice #Englewood #Chicago https://t.co/9d5yaE‚Ä¶,0.0,0.0
154,englewood,2016-03-08 12:03:56,0.0,1.0,"RT @DrumBeatJourney: Barbershop at the Englewood Library. 
#chicago
#southsidechicago
#englewood
#blackyouth
#empowerment
#safehaven https:‚Ä¶",0.0,0.0
155,englewood,2016-03-08 12:03:47,0.0,1.0,"RT @oscarthinks: ‚ÄúI think arts and culture is going to be a part of the thread of community development,‚Äù #chicago #englewood #equity https‚Ä¶",0.0,0.0
156,englewood,2016-03-08 12:03:42,0.0,4.0,RT @ChicagoReporter: Video:106-year-old #Englewood man recounts moving to Chicago during the Great Migration. https://t.co/1PqavOJfY7 #Blac‚Ä¶,0.0,0.0
157,englewood,2016-03-08 12:03:29,0.0,3.0,RT @MBMHMC: Lunch in Englewood at #DreamCafe  #englewood #city #Chicago #eatlocal #NoFranchisesThisIsChicago  @DreamCafeGrille https://t.co‚Ä¶,0.0,0.0
158,englewood,2016-03-08 12:03:25,0.0,10.0,RT @Food_Tank: Cafe hopes to build up Chicago's #Englewood with healthier food: https://t.co/mUCSG3dmuL @chicagotribune https://t.co/8Wok4E‚Ä¶,0.0,0.0
159,englewood,2016-03-08 12:03:10,0.0,1.0,RT @rodneydunigan: Chicago stand up.. DRose.. knees lookin good tonight.. üë¥üèæ #southside #englewood #iusetohoop #handleswascrazythough https‚Ä¶,0.0,0.0
160,englewood,2016-03-08 05:26:45,0.0,1.0,"RT @MrsGirlsLikeMe: This was a profile on my son almost 4 years ago: ""Some Englewood Parents Succeeding, Despite Atmosphere Of Violence htt‚Ä¶",0.0,0.0
161,englewood,2016-03-08 04:57:00,0.0,0.0,"Englewood, Chicago üìç",0.0,0.0
162,englewood,2016-03-08 04:52:50,2.0,1.0,"This was a profile on my son almost 4 years ago: ""Some Englewood Parents Succeeding, Despite Atmosphere Of Violence https://t.co/PKA77LoIRx""",0.0,0.0
163,englewood,2016-03-08 02:51:25,0.0,0.0,#GreatinEnglewood Alert - Englewood Groups Unite to Help Flint Water Crisis Victims via @DNAinfoCHI https://t.co/w8GnVHwOtB,0.0,0.0
164,englewood,2016-03-08 00:25:57,0.0,2.0,RT @mina_bloom_: should abandoned bldgs be demolished or rehabbed? powerful quote in @AndreaVWatson12 story: https://t.co/9LgveAXJTt https:‚Ä¶,0.0,0.0
165,englewood,2016-03-08 00:20:05,0.0,0.0,For Updates &amp; more... Visit LouDGangUSA https://t.co/mxSwQnpmg4 #LouDGangUSA #Chicago #music #Englewood #rap #hiphop #greencrack #RT,0.0,0.0
166,englewood,2016-03-07 21:46:44,1.0,0.0,Step IT Up America Program to Train and Employ Minority Women in Chicago via @DNAinfoCHI https://t.co/AwcARFkko9,0.0,0.0
167,englewood,2016-03-07 21:20:54,0.0,2.0,RT @SCFJobs: We're always thrilled to connect talent to great careers like @StepITUpAmerica @AndreaVWatson12 https://t.co/dnMopZrpDy @DNAin‚Ä¶,0.0,0.0
168,englewood,2016-03-07 21:16:19,1.0,2.0,We're always thrilled to connect talent to great careers like @StepITUpAmerica @AndreaVWatson12 https://t.co/dnMopZrpDy @DNAinfoChi,0.0,0.0
169,englewood,2016-03-07 20:15:22,0.0,0.0,"Just posted a video @ Chicago (Englewood neighborhood), Illinois https://t.co/DAkhSfS3SD",0.0,0.0
170,englewood,2016-03-07 20:05:38,0.0,0.0,"Fresenius Medical Care #Job: Hemodialysis Registered Nurse - Englewood - Chicago, IL (#Chicago, IL) https://t.co/mFXWHmsMto #dialysis #Jobs",-87.6297982,41.8781136
171,englewood,2016-03-07 19:11:50,0.0,3.0,RT @MBMHMC: Lunch in Englewood at #DreamCafe  #englewood #city #Chicago #eatlocal #NoFranchisesThisIsChicago  @DreamCafeGrille https://t.co‚Ä¶,0.0,0.0
172,englewood,2016-03-07 17:52:40,0.0,0.0,Step IT Up America Program to Train and Employ Minority Women in Chicago via @DNAinfoCHI https://t.co/GsHGNgk3GK,0.0,0.0
173,englewood,2016-03-07 15:54:08,0.0,0.0,Calling All Englewood Residents - Englewood Village Meeting - March 15th! on Mar 15 https://t.co/h5eJPzStRP via @everyblock,0.0,0.0
174,englewood,2016-03-07 14:48:24,0.0,2.0,"RT @ApostolosMC: Apostolos team has made it safe &amp; sound! Please keep us in your prayers as we serve in Englewood, Chicago this week! https‚Ä¶",0.0,0.0
175,englewood,2016-03-07 14:41:11,0.0,2.0,"RT @ApostolosMC: Apostolos team has made it safe &amp; sound! Please keep us in your prayers as we serve in Englewood, Chicago this week! https‚Ä¶",0.0,0.0
176,englewood,2016-03-07 13:10:41,0.0,0.0,Step IT Up America Program to Train and Employ Minority Women in Chicago: More than 40 percent of the unemploy... https://t.co/5Ome94rLmr,0.0,0.0
177,englewood,2016-03-07 13:04:04,1.0,0.0,Shout out to #Chicago! Cafe owners hope to build up heart of Englewood with #healthier food https://t.co/KMoOfdduBe,0.0,0.0
178,englewood,2016-03-07 03:49:32,8.0,2.0,"Apostolos team has made it safe &amp; sound! Please keep us in your prayers as we serve in Englewood, Chicago this week! https://t.co/vZEy1BIiIM",0.0,0.0
179,englewood,2016-03-07 02:39:41,0.0,0.0,@malcolmkenyatta when you drive through Englewood in Chicago you may feel ghetto by its definition of segregated and isolated.,0.0,0.0
180,englewood,2016-03-07 02:08:49,0.0,6.0,"RT @PDX_For_Bernie: #BernieSanders arrest. I grew up on the Southside of Chicago, Englewood is no punk. This man cares. #SCPrimary https://‚Ä¶",0.0,0.0
181,englewood,2016-03-07 00:19:54,0.0,0.0,For Updates &amp; more... Visit LouDGangUSA https://t.co/AvFeDYyUTH #LouDGangUSA #Chicago #music #Englewood #rap #hiphop #greencrack #RT,0.0,0.0
182,englewood,2016-03-07 00:02:19,0.0,0.0,"Famous Dex Talks Englewood Chicago, The Sauce Factory, Houston Music Scene &amp; More https://t.co/nRFqDQVoKE",0.0,0.0
183,englewood,2016-03-06 19:40:21,0.0,0.0,Never knew ROBLOX was h00d enough to let games like these exist https://t.co/6o1A9sEkOw https://t.co/UVlDOKbvCY,0.0,0.0
184,englewood,2016-03-06 19:03:14,2.0,1.0,"Peyton Manning To Retire After 18 NFL Seasons: ENGLEWOOD, Colo. (AP) ‚Äî Peyton Manning‚Ä¶ https://t.co/Oxa5zClRL8",0.0,0.0
185,englewood,2016-03-06 16:34:11,0.0,1.0,"RT @IL_4Bernie: When Chicago tried to use a run-down warehouse as a public school for Englewood residents and allies, including... https://‚Ä¶",0.0,0.0
186,englewood,2016-03-06 16:19:22,2.0,1.0,"When Chicago tried to use a run-down warehouse as a public school for Englewood residents and allies, including... https://t.co/eMgKy0aU9X",0.0,0.0
187,englewood,2016-03-06 15:01:38,2.0,0.0,Early Sunday morning meeting on pro bono project im working on. Bringing healthy alternatives to Englewood. #Chicago #health #MyCity,0.0,0.0
188,englewood,2016-03-06 14:26:11,0.0,0.0,Atlanta I Introduced Yall To The Hottest Independent Artist Out Of Englewood Chicago Who Go By‚Ä¶ https://t.co/I5Lko8TBTI,0.0,0.0
189,englewood,2016-03-06 06:19:16,0.0,0.0,"Spike Lee Calls Chance the Rapper 'Fraud,' Rips Local Critics of 'Chi-Raq' via @DNAinfoCHI https://t.co/37t4Bb90LG",0.0,0.0
190,englewood,2016-03-06 06:06:37,0.0,0.0,Police Plan DUI Checkpoint on Dan Ryan Saturday Night https://t.co/sP3DShqofi,0.0,0.0
191,englewood,2016-03-06 05:07:02,0.0,0.0,Motivation of a mogul. #CHICAGO #Englewood #Bando #chh #trap https://t.co/HOSfbBfopW https://t.co/NN5sqRKORh,0.0,0.0
192,englewood,2016-03-06 03:53:16,0.0,0.0,Police Plan DUI Checkpoint on Dan Ryan Saturday Night https://t.co/qSrzyFOpe6,0.0,0.0
193,englewood,2016-03-06 03:11:50,0.0,0.0,Englewood is east side of Chicago? Who knew...,0.0,0.0
194,,,,,,0.0,0.0
195,englewood,2016-03-06 02:46:28,0.0,1.0,RT @Kennysommer: #Nabisco think that's how you spell the company that is closing it's plant in a jobs needed Part of #Chicago Englewood. Ne‚Ä¶,0.0,0.0
196,englewood,2016-03-06 02:42:42,0.0,0.0,Police Plan DUI Checkpoint on Dan Ryan Saturday Night https://t.co/52HQrxwcZ3,0.0,0.0
197,englewood,2016-03-06 02:27:58,0.0,0.0,Police Plan DUI Checkpoint on Dan Ryan Saturday Night via @DNAinfoCHI https://t.co/gpFHDpDvVx,0.0,0.0
198,englewood,2016-03-06 00:51:03,0.0,0.0,Police Plan DUI Checkpoint on Dan Ryan Saturday Night via @DNAinfoCHI https://t.co/qxJ8mXNDAK,0.0,0.0
199,englewood,2016-03-06 00:22:22,0.0,0.0,For Updates &amp; more... Visit LouDGangUSA https://t.co/IsjQ5FUpNn #LouDGangUSA #Chicago #music #Englewood #rap #hiphop #greencrack #RT,0.0,0.0
200,englewood,2016-03-05 23:11:38,0.0,0.0,"Famous Dex Talks Englewood Chicago, The Sauce Factory, Houston Music Scene &amp; More https://t.co/z0TeCcQm2h",0.0,0.0
201,englewood,2016-03-05 22:43:21,0.0,0.0,Police Plan DUI Checkpoint on Dan Ryan Saturday Night https://t.co/t9UEPpGafs,0.0,0.0
202,englewood,2016-03-05 21:38:30,2.0,1.0,#Nabisco think that's how you spell the company that is closing it's plant in a jobs needed Part of #Chicago Englewood. Need 2 boycott them.,0.0,0.0
203,englewood,2016-03-05 20:01:54,1.0,0.0,"Please be safe everyone:
https://t.co/leF8gvWW8q",0.0,0.0
204,englewood,2016-03-05 19:55:22,0.0,0.0,SPIKE LEE NEEDS TO BE DONE TALKING ABOUT WOMEN  https://t.co/7sSdHSnqKS,0.0,0.0
205,englewood,2016-03-05 18:28:12,0.0,0.0,SMH. If you don't know you're damned if you do know you're damned and informed.. https://t.co/5Dr1fNj37a,0.0,0.0
206,englewood,2016-03-05 17:49:21,0.0,0.0,"Nailed it @ West Englewood, Chicago https://t.co/gAmBgcI0eC",0.0,0.0
207,englewood,2016-03-05 16:55:18,0.0,0.0,Police Plan DUI Checkpoint on Dan Ryan Saturday Night https://t.co/8WwMQ86mB6,0.0,0.0
208,englewood,2016-03-05 16:08:04,1.0,0.0,"Retweeted LISC Chicago (@LISCChicago):

Greater Englewood homeowners that purchased a $1 @largelots - Apply for a... https://t.co/ZSOcXcQxTH",0.0,0.0
209,englewood,2016-03-05 15:51:02,0.0,0.0,For all y'all drunk drivers https://t.co/h6tln2dwXD,0.0,0.0
210,englewood,2016-03-05 07:57:10,0.0,0.0,Police Plan DUI Checkpoint on Dan Ryan Saturday Night https://t.co/2QrH6u7qTM,0.0,0.0
211,englewood,2016-03-05 05:11:26,0.0,0.0,Police Plan DUI Checkpoint on Dan Ryan Saturday Night https://t.co/Vo9GUXMNIx,0.0,0.0
212,englewood,2016-03-05 04:03:01,0.0,2.0,"RT @CSTbreaking: Man wounded in Englewood drive-by shooting
https://t.co/rtfC5jY1Vh",0.0,0.0
213,englewood,2016-03-05 03:58:33,0.0,2.0,"RT @CSTbreaking: Man wounded in Englewood drive-by shooting
https://t.co/rtfC5jY1Vh",0.0,0.0
214,englewood,2016-03-05 03:56:58,0.0,2.0,"Man wounded in Englewood drive-by shooting
https://t.co/rtfC5jY1Vh",0.0,0.0
215,englewood,2016-03-05 03:51:14,0.0,0.0,Police Plan DUI Checkpoint on Dan Ryan Saturday Night via @DNAinfoCHI https://t.co/RKD0angC1w,0.0,0.0
216,englewood,2016-03-05 03:45:13,0.0,0.0,Police Plan DUI Checkpoint on Dan Ryan Saturday Night https://t.co/wOREPdDODw,0.0,0.0
217,englewood,2016-03-05 03:26:42,0.0,0.0,Heads up. https://t.co/8fFov9ml48,0.0,0.0
218,englewood,2016-03-05 03:06:52,0.0,0.0,Be forewarned https://t.co/tKS6NQmrjf,0.0,0.0
219,englewood,2016-03-05 02:35:02,0.0,2.0,RT @angie_fly_girl: @jexaminerai @rj_deacon @Parker9_ wow. I am FROM #Chicago Englewood is no joke! @BernieSanders @SenSanders is the real ‚Ä¶,0.0,0.0
220,englewood,2016-03-05 02:31:59,0.0,2.0,RT @angie_fly_girl: @jexaminerai @rj_deacon @Parker9_ wow. I am FROM #Chicago Englewood is no joke! @BernieSanders @SenSanders is the real ‚Ä¶,0.0,0.0
221,englewood,2016-03-05 01:47:32,0.0,0.0,"Just posted a video @ Chicago (Englewood neighborhood), Illinois https://t.co/i9nuQ7tnEi",0.0,0.0
222,englewood,2016-03-05 01:44:35,2.0,2.0,@jexaminerai @rj_deacon @Parker9_ wow. I am FROM #Chicago Englewood is no joke! @BernieSanders @SenSanders is the real deal,0.0,0.0
223,englewood,2016-03-05 01:26:03,0.0,0.0,"Well until they have the Gatorade/Powerade checkpoints, I'm good! https://t.co/8eVb7ZFKZ6",0.0,0.0
224,englewood,2016-03-05 00:21:10,0.0,0.0,For Updates &amp; more... Visit LouDGangUSA https://t.co/0dh6Kl7see #LouDGangUSA #Chicago #music #Englewood #rap #hiphop #greencrack #RT,0.0,0.0
225,englewood,2016-03-04 23:52:32,0.0,60.0,"RT @DNAinfoCHI: .@SpikeLee calls @chancetherapper a ""fraud,"" rips local critics of #Chiraq https://t.co/z3O29Z6yOc https://t.co/ywi1GZSGqL",0.0,0.0
226,englewood,2016-03-04 23:18:33,0.0,0.0,@hoosierworld @eshaLegal @ChantaBSN But blacks in middle class Hyde Park in Chicago get treated by cops like those in Englewood.,0.0,0.0
227,englewood,2016-03-04 22:53:24,0.0,0.0,Be careful driving on the Dan Ryan Saturday night!! https://t.co/zChr24ioFY,0.0,0.0
228,englewood,2016-03-04 22:21:47,0.0,0.0,Police Plan DUI Checkpoint on Dan Ryan Saturday Night via @DNAinfoCHI https://t.co/0LvjKswNFE,0.0,0.0
229,englewood,2016-03-04 21:11:50,0.0,6.0,"RT @PastahJ: Great article about #goodinenglewood ""Flint Lives Matter"" in @DNAinfoCHI today.  Join @CanaanLoveGP in our response! https://t‚Ä¶",0.0,0.0
230,englewood,2016-03-04 21:11:34,0.0,6.0,"RT @PastahJ: Great article about #goodinenglewood ""Flint Lives Matter"" in @DNAinfoCHI today.  Join @CanaanLoveGP in our response! https://t‚Ä¶",0.0,0.0
231,englewood,2016-03-04 21:10:51,0.0,6.0,"RT @PastahJ: Great article about #goodinenglewood ""Flint Lives Matter"" in @DNAinfoCHI today.  Join @CanaanLoveGP in our response! https://t‚Ä¶",0.0,0.0
232,englewood,2016-03-04 21:06:39,0.0,0.0,Police Plan DUI Checkpoint on Dan Ryan Saturday Night - Englewood - https://t.co/ZIay75KUFE Chicago https://t.co/ceAAIu1T1W,0.0,0.0
233,englewood,2016-03-04 20:04:06,0.0,0.0,"Spike Lee Calls Chance the Rapper 'Fraud,' Rips Local Critics of 'Chi-Raq' via @DNAinfoCHI https://t.co/oIS78Nf8UC",0.0,0.0
234,englewood,2016-03-04 19:19:20,0.0,0.0,"Spike Lee Calls Chance the Rapper 'Fraud,' Rips Local Critics of 'Chi-Raq'  https://t.co/zJ3GRGiNWd via @DNAinfoCHI",0.0,0.0
235,englewood,2016-03-04 18:14:00,0.0,1.0,RT @evanFmoore: Police Plan DUI Checkpoint on Dan Ryan Saturday Night via @DNAinfoCHI https://t.co/WbRjwYn8yD,0.0,0.0
236,englewood,2016-03-04 18:12:12,0.0,1.0,Police Plan DUI Checkpoint on Dan Ryan Saturday Night via @DNAinfoCHI https://t.co/WbRjwYn8yD,0.0,0.0
237,englewood,2016-03-04 18:07:42,0.0,1.0,"RT @WVON1690: Vernard Gilmore, Alvin Ailey Dancer and Chicago Native who grew up in Englewood and graduate from Curie H.S.... https://t.co/‚Ä¶",0.0,0.0
238,englewood,2016-03-04 17:52:35,2.0,1.0,"Vernard Gilmore, Alvin Ailey Dancer and Chicago Native who grew up in Englewood and graduate from Curie H.S.... https://t.co/ERNMwY8wXh",0.0,0.0
239,englewood,2016-03-04 17:40:23,1.0,2.0,"C–Ωecƒ∏ OœÖ—Ç New FEASTIN @perklive @loudgangusa @ Englewood, Chicago https://t.co/2sMSfDNofx",0.0,0.0
240,englewood,2016-03-04 17:38:48,0.0,0.0,Why always on Southside???Police Plan DUI Checkpoint on Dan Ryan Saturday Night https://t.co/SXeLl5ebjf via @DnainfoCHI,0.0,0.0
241,englewood,2016-03-04 17:08:29,0.0,0.0,Mom dukes from Englewood pops was from south Chicago,0.0,0.0
242,englewood,2016-03-04 16:53:12,0.0,0.0,General Soreness is the pound-for-pound worst reader in Chicago. #Englewood #Chiraq #illiteracy https://t.co/l3swZbnPbZ,0.0,0.0
243,englewood,2016-03-04 16:34:06,0.0,6.0,"RT @PastahJ: Great article about #goodinenglewood ""Flint Lives Matter"" in @DNAinfoCHI today.  Join @CanaanLoveGP in our response! https://t‚Ä¶",0.0,0.0
244,englewood,2016-03-04 16:17:12,0.0,0.0,"Retweeted Jonathan Brooks (@PastahJ):

Great article about #goodinenglewood ""Flint Lives Matter"" in @DNAinfoCHI... https://t.co/ChWCqe9HJM",0.0,0.0
245,englewood,2016-03-04 16:17:07,0.0,6.0,"RT @PastahJ: Great article about #goodinenglewood ""Flint Lives Matter"" in @DNAinfoCHI today.  Join @CanaanLoveGP in our response! https://t‚Ä¶",0.0,0.0
246,englewood,2016-03-04 15:58:13,0.0,0.0,#GreatinEnglewood - Get Informed - Englewood Village Meeting - March 15th https://t.co/cuP0Hc0pTv via @everyblock,0.0,0.0
247,englewood,2016-03-04 14:50:39,0.0,3.0,RT @CSTbreaking: 70-year-old woman dies more than two months after Englewood fire https://t.co/0o4zog6kbh,0.0,0.0
248,englewood,2016-03-04 13:41:16,0.0,0.0,Still have to decide what fire house I want to ride with üí≠ Englewood or Downtown Chicago...,0.0,0.0
249,englewood,2016-03-04 12:23:07,0.0,0.0,"River North Woman Invests In Englewood's Renewal 
Great story by @SuzanneLeMignot 
https://t.co/bVXAND6sqY
#Chicago #IGrowChicago",0.0,0.0
250,englewood,2016-03-04 10:46:25,0.0,22.0,"RT @w_h_thompson: Two homicides within the last hour or so - #Ravenswood &amp; #Englewood. 

#Chicago #ChicagoScanner",0.0,0.0
251,englewood,2016-03-04 09:23:16,0.0,0.0,"354 W Normal Pkwy, Englewood, #Chicago #architecture https://t.co/Rha6s4eGQz",0.0,0.0
252,englewood,2016-03-04 08:11:22,0.0,0.0,chicagonewsnow: River North Woman Invests In Englewood‚Äôs Renewal https://t.co/ZUqsBFRGq2 #chicago https://t.co/qXsTNvrTWu,0.0,0.0
253,englewood,2016-03-04 08:10:22,0.0,0.0,chicagonewsnow: River North Woman Invests In Englewood‚Äôs Renewal https://t.co/MjA6WDqbT1 #chicago https://t.co/7PnBUZ76Vz,0.0,0.0
254,englewood,2016-03-04 08:03:19,0.0,5.0,RT @chicagonewsnow: Police Plan DUI Checkpoint on Dan Ryan Saturday Night https://t.co/kAvMSQJDnq #chicago https://t.co/Wly9zFsqKo,0.0,0.0
255,englewood,2016-03-04 07:59:09,1.0,1.0,River North Woman Invests In Englewood‚Äôs Renewal https://t.co/6AMVXBeT6c #chicago https://t.co/Hk8uF1Cuk9,0.0,0.0
256,englewood,2016-03-04 04:46:50,0.0,5.0,RT @chicagonewsnow: Police Plan DUI Checkpoint on Dan Ryan Saturday Night https://t.co/kAvMSQJDnq #chicago https://t.co/Wly9zFsqKo,0.0,0.0
257,englewood,2016-03-04 04:38:04,0.0,5.0,RT @chicagonewsnow: Police Plan DUI Checkpoint on Dan Ryan Saturday Night https://t.co/kAvMSQJDnq #chicago https://t.co/Wly9zFsqKo,0.0,0.0
258,englewood,2016-03-04 04:18:20,0.0,60.0,"RT @DNAinfoCHI: .@SpikeLee calls @chancetherapper a ""fraud,"" rips local critics of #Chiraq https://t.co/z3O29Z6yOc https://t.co/ywi1GZSGqL",0.0,0.0
259,englewood,2016-03-04 04:13:54,0.0,60.0,"RT @DNAinfoCHI: .@SpikeLee calls @chancetherapper a ""fraud,"" rips local critics of #Chiraq https://t.co/z3O29Z6yOc https://t.co/ywi1GZSGqL",0.0,0.0
260,englewood,2016-03-04 03:53:55,2.0,0.0,Man if Donald Trump grew up in the Englewood community of Chicago he'd be a hood legend! I've seen guys like him before.,0.0,0.0
261,englewood,2016-03-04 03:46:59,0.0,0.0,chicagonewsnow: Police Plan DUI Checkpoint on Dan Ryan Saturday Night https://t.co/SGJ0Xa6j9V #chicago https://t.co/SwsjvRb10f,0.0,0.0
262,englewood,2016-03-04 03:45:51,0.0,0.0,chicagonewsnow: Police Plan DUI Checkpoint on Dan Ryan Saturday Night https://t.co/8nL6VS6pl8 #chicago https://t.co/6Pxcu2IdBs,0.0,0.0
263,englewood,2016-03-04 03:43:17,0.0,5.0,RT @chicagonewsnow: Police Plan DUI Checkpoint on Dan Ryan Saturday Night https://t.co/kAvMSQJDnq #chicago https://t.co/Wly9zFsqKo,0.0,0.0
264,englewood,2016-03-04 03:39:22,0.0,5.0,RT @chicagonewsnow: Police Plan DUI Checkpoint on Dan Ryan Saturday Night https://t.co/kAvMSQJDnq #chicago https://t.co/Wly9zFsqKo,0.0,0.0
265,englewood,2016-03-04 03:35:38,0.0,5.0,Police Plan DUI Checkpoint on Dan Ryan Saturday Night https://t.co/kAvMSQJDnq #chicago https://t.co/Wly9zFsqKo,0.0,0.0
266,englewood,2016-03-04 03:22:40,0.0,0.0,"@SpikeLee It took a bro from another state to ""Call it like it Is"" Thanks Spike! ‚ù§Ô∏èCalls Chance the Rapper 'Fraud https://t.co/ZK29OtlOVZ #",0.0,0.0
267,englewood,2016-03-04 03:07:35,0.0,60.0,"RT @DNAinfoCHI: .@SpikeLee calls @chancetherapper a ""fraud,"" rips local critics of #Chiraq https://t.co/z3O29Z6yOc https://t.co/ywi1GZSGqL",0.0,0.0
268,englewood,2016-03-04 02:56:34,0.0,60.0,"RT @DNAinfoCHI: .@SpikeLee calls @chancetherapper a ""fraud,"" rips local critics of #Chiraq https://t.co/z3O29Z6yOc https://t.co/ywi1GZSGqL",0.0,0.0
269,englewood,2016-03-04 02:54:56,0.0,60.0,"RT @DNAinfoCHI: .@SpikeLee calls @chancetherapper a ""fraud,"" rips local critics of #Chiraq https://t.co/z3O29Z6yOc https://t.co/ywi1GZSGqL",0.0,0.0
270,englewood,2016-03-04 02:25:11,0.0,4.0,"RT @jwanhall: Spike Lee Calls Chance the Rapper 'Fraud,' Rips Local Critics of 'Chi-Raq' https://t.co/rbSLqMJkt8",0.0,0.0
271,englewood,2016-03-04 02:24:58,0.0,1.0,RT @WBBMNewsradio: Did you read this story? River North Woman Invests In Englewood's Renewal https://t.co/hVqSBwmOYC via @SuzanneLeMignot,0.0,0.0
272,englewood,2016-03-04 02:24:52,0.0,4.0,"RT @jwanhall: Spike Lee Calls Chance the Rapper 'Fraud,' Rips Local Critics of 'Chi-Raq' https://t.co/rbSLqMJkt8",0.0,0.0
273,englewood,2016-03-04 02:23:22,0.0,60.0,"RT @DNAinfoCHI: .@SpikeLee calls @chancetherapper a ""fraud,"" rips local critics of #Chiraq https://t.co/z3O29Z6yOc https://t.co/ywi1GZSGqL",0.0,0.0
274,englewood,2016-03-04 02:21:02,0.0,1.0,Did you read this story? River North Woman Invests In Englewood's Renewal https://t.co/hVqSBwmOYC via @SuzanneLeMignot,0.0,0.0
275,englewood,2016-03-04 02:18:41,0.0,4.0,"RT @jwanhall: Spike Lee Calls Chance the Rapper 'Fraud,' Rips Local Critics of 'Chi-Raq' https://t.co/rbSLqMJkt8",0.0,0.0
276,englewood,2016-03-04 02:16:35,0.0,4.0,"RT @jwanhall: Spike Lee Calls Chance the Rapper 'Fraud,' Rips Local Critics of 'Chi-Raq' https://t.co/rbSLqMJkt8",0.0,0.0
277,englewood,2016-03-04 02:13:22,0.0,60.0,"RT @DNAinfoCHI: .@SpikeLee calls @chancetherapper a ""fraud,"" rips local critics of #Chiraq https://t.co/z3O29Z6yOc https://t.co/ywi1GZSGqL",0.0,0.0
278,englewood,2016-03-04 02:13:04,0.0,3.0,RT @WBBMNewsradio: River North Woman Invests In Englewood's Renewal https://t.co/0kp0SZiBYw @SuzanneLeMignot,0.0,0.0
279,englewood,2016-03-04 02:12:24,0.0,3.0,RT @WBBMNewsradio: River North Woman Invests In Englewood's Renewal https://t.co/0kp0SZiBYw @SuzanneLeMignot,0.0,0.0
280,englewood,2016-03-04 01:28:26,0.0,1.0,"RT @SorenHough: The full story on #BernieSanders and the fight for black rights in Englewood, Chicago: https://t.co/p1uijaUjjH #NotMeUs",0.0,0.0
281,englewood,2016-03-04 01:27:05,2.0,1.0,"The full story on #BernieSanders and the fight for black rights in Englewood, Chicago: https://t.co/p1uijaUjjH #NotMeUs",0.0,0.0
282,englewood,2016-03-04 01:20:45,3.0,4.0,"Spike Lee Calls Chance the Rapper 'Fraud,' Rips Local Critics of 'Chi-Raq' https://t.co/rbSLqMJkt8",0.0,0.0
283,englewood,2016-03-04 00:55:27,0.0,0.0,I wasn't  aware there were so many bars on that stretch of the Dan Ryan #WhatAboutWickerPark &amp;Bucktown  @DNAinfoCHI https://t.co/szJixJ2h7f,0.0,0.0
284,englewood,2016-03-04 00:27:11,0.0,239.0,RT @thickred3x: Part 1 of some Chicago Southside Englewood shit @kingLongLeg Loft! My camara man the shit... https://t.co/NfVtFqcdZL,0.0,0.0
285,englewood,2016-03-04 00:22:08,2.0,0.0,For Updates &amp; more... Visit LouDGangUSA https://t.co/cwgVEzFGh8 #LouDGangUSA #Chicago #music #Englewood #rap #hiphop #greencrack #RT,0.0,0.0
286,englewood,2016-03-04 00:10:06,0.0,0.0,River North Woman Invests In #Englewood‚Äôs Renewal: (CBS) ‚Äì A River North woman spent two‚Ä¶ https://t.co/OuoroXnZCn,0.0,0.0
287,englewood,2016-03-04 00:09:00,0.0,60.0,"RT @DNAinfoCHI: .@SpikeLee calls @chancetherapper a ""fraud,"" rips local critics of #Chiraq https://t.co/z3O29Z6yOc https://t.co/ywi1GZSGqL",0.0,0.0
288,englewood,2016-03-04 00:02:55,0.0,60.0,"RT @DNAinfoCHI: .@SpikeLee calls @chancetherapper a ""fraud,"" rips local critics of #Chiraq https://t.co/z3O29Z6yOc https://t.co/ywi1GZSGqL",0.0,0.0
289,englewood,2016-03-03 23:50:18,0.0,0.0,River North Woman Invests In Englewood‚Äôs Renewal - https://t.co/61XxOrEfGL,0.0,0.0
290,englewood,2016-03-03 23:49:03,0.0,3.0,RT @WBBMNewsradio: River North Woman Invests In Englewood's Renewal https://t.co/0kp0SZiBYw @SuzanneLeMignot,0.0,0.0
291,englewood,2016-03-03 23:44:06,2.0,3.0,River North Woman Invests In Englewood's Renewal https://t.co/0kp0SZiBYw @SuzanneLeMignot,0.0,0.0
292,englewood,2016-03-03 22:25:49,0.0,60.0,"RT @DNAinfoCHI: .@SpikeLee calls @chancetherapper a ""fraud,"" rips local critics of #Chiraq https://t.co/z3O29Z6yOc https://t.co/ywi1GZSGqL",0.0,0.0
293,englewood,2016-03-03 22:15:14,0.0,4.0,"RT @DNAinfoCHI: Spike Lee slams critics ‚Äî including @ChancetheRapper ‚Äî during ""Chi-Raq"" screening  https://t.co/ltPVAFcS4T https://t.co/bWx‚Ä¶",0.0,0.0
294,englewood,2016-03-03 22:13:50,0.0,3.0,RT @CSTbreaking: 70-year-old woman dies more than two months after Englewood fire https://t.co/0o4zog6kbh,0.0,0.0
295,englewood,2016-03-03 22:12:50,0.0,6.0,"RT @PastahJ: Great article about #goodinenglewood ""Flint Lives Matter"" in @DNAinfoCHI today.  Join @CanaanLoveGP in our response! https://t‚Ä¶",0.0,0.0
296,englewood,2016-03-03 22:08:41,0.0,4.0,"RT @DNAinfoCHI: Spike Lee slams critics ‚Äî including @ChancetheRapper ‚Äî during ""Chi-Raq"" screening  https://t.co/ltPVAFcS4T https://t.co/bWx‚Ä¶",0.0,0.0
297,englewood,2016-03-03 21:53:14,3.0,6.0,"Great article about #goodinenglewood ""Flint Lives Matter"" in @DNAinfoCHI today.  Join @CanaanLoveGP in our response! https://t.co/hIFY02EnC3",0.0,0.0
298,englewood,2016-03-03 21:45:51,0.0,10.0,RT @Food_Tank: Cafe hopes to build up Chicago's #Englewood with healthier food: https://t.co/mUCSG3dmuL @chicagotribune https://t.co/8Wok4E‚Ä¶,0.0,0.0
299,englewood,2016-03-03 21:38:14,0.0,0.0,"Spike Lee Calls Chance the Rapper 'Fraud,' Rips Local Critics of 'Chi-Raq' via @DNAinfoCHI https://t.co/BfPAMtrHtH",0.0,0.0
300,englewood,2016-03-03 21:26:33,0.0,4.0,"RT @DNAinfoCHI: Spike Lee slams critics ‚Äî including @ChancetheRapper ‚Äî during ""Chi-Raq"" screening  https://t.co/ltPVAFcS4T https://t.co/bWx‚Ä¶",0.0,0.0
301,englewood,2016-03-03 21:21:19,0.0,3.0,RT @CSTbreaking: 70-year-old woman dies more than two months after Englewood fire https://t.co/0o4zog6kbh,0.0,0.0
302,englewood,2016-03-03 21:20:10,1.0,3.0,70-year-old woman dies more than two months after Englewood fire https://t.co/0o4zog6kbh,0.0,0.0
303,englewood,2016-03-03 21:19:59,0.0,60.0,"RT @DNAinfoCHI: .@SpikeLee calls @chancetherapper a ""fraud,"" rips local critics of #Chiraq https://t.co/z3O29Z6yOc https://t.co/ywi1GZSGqL",0.0,0.0
304,englewood,2016-03-03 21:16:15,0.0,4.0,"RT @DNAinfoCHI: Spike Lee slams critics ‚Äî including @ChancetheRapper ‚Äî during ""Chi-Raq"" screening  https://t.co/ltPVAFcS4T https://t.co/bWx‚Ä¶",0.0,0.0
305,englewood,2016-03-03 21:15:13,3.0,4.0,"Spike Lee slams critics ‚Äî including @ChancetheRapper ‚Äî during ""Chi-Raq"" screening  https://t.co/ltPVAFcS4T https://t.co/bWxftX7zwi",0.0,0.0
306,englewood,2016-03-03 21:11:35,0.0,60.0,"RT @DNAinfoCHI: .@SpikeLee calls @chancetherapper a ""fraud,"" rips local critics of #Chiraq https://t.co/z3O29Z6yOc https://t.co/ywi1GZSGqL",0.0,0.0
307,englewood,2016-03-03 21:07:06,0.0,60.0,"RT @DNAinfoCHI: .@SpikeLee calls @chancetherapper a ""fraud,"" rips local critics of #Chiraq https://t.co/z3O29Z6yOc https://t.co/ywi1GZSGqL",0.0,0.0
308,englewood,2016-03-03 20:58:08,0.0,60.0,"RT @DNAinfoCHI: .@SpikeLee calls @chancetherapper a ""fraud,"" rips local critics of #Chiraq https://t.co/z3O29Z6yOc https://t.co/ywi1GZSGqL",0.0,0.0
309,englewood,2016-03-03 20:50:06,0.0,0.0,"In Englewood, railroad presses on with freight yard project - Chicago Tribune #freight https://t.co/UnsK82Wz4R",0.0,0.0
310,englewood,2016-03-03 20:29:34,0.0,60.0,"RT @DNAinfoCHI: .@SpikeLee calls @chancetherapper a ""fraud,"" rips local critics of #Chiraq https://t.co/z3O29Z6yOc https://t.co/ywi1GZSGqL",0.0,0.0
311,englewood,2016-03-03 20:23:15,0.0,60.0,"RT @DNAinfoCHI: .@SpikeLee calls @chancetherapper a ""fraud,"" rips local critics of #Chiraq https://t.co/z3O29Z6yOc https://t.co/ywi1GZSGqL",0.0,0.0
312,englewood,2016-03-03 20:18:07,0.0,60.0,"RT @DNAinfoCHI: .@SpikeLee calls @chancetherapper a ""fraud,"" rips local critics of #Chiraq https://t.co/z3O29Z6yOc https://t.co/ywi1GZSGqL",0.0,0.0
313,englewood,2016-03-03 20:11:51,0.0,0.0,"You can do it!!! Let's go champ!!! @ Chicago (Englewood neighborhood), Illinois https://t.co/W1NSw0dHEp",0.0,0.0
314,englewood,2016-03-03 20:02:05,0.0,60.0,"RT @DNAinfoCHI: .@SpikeLee calls @chancetherapper a ""fraud,"" rips local critics of #Chiraq https://t.co/z3O29Z6yOc https://t.co/ywi1GZSGqL",0.0,0.0
315,englewood,2016-03-03 20:01:49,0.0,0.0,"Spike Lee Calls Chance the Rapper 'Fraud,' Rips Local Critics of 'Chi-Raq' via @DNAinfoCHI https://t.co/tiwr4T1Mwf",0.0,0.0
316,englewood,2016-03-03 20:01:42,0.0,60.0,"RT @DNAinfoCHI: .@SpikeLee calls @chancetherapper a ""fraud,"" rips local critics of #Chiraq https://t.co/z3O29Z6yOc https://t.co/ywi1GZSGqL",0.0,0.0
317,englewood,2016-03-03 19:54:43,0.0,60.0,"RT @DNAinfoCHI: .@SpikeLee calls @chancetherapper a ""fraud,"" rips local critics of #Chiraq https://t.co/z3O29Z6yOc https://t.co/ywi1GZSGqL",0.0,0.0
318,englewood,2016-03-03 19:53:16,0.0,60.0,"RT @DNAinfoCHI: .@SpikeLee calls @chancetherapper a ""fraud,"" rips local critics of #Chiraq https://t.co/z3O29Z6yOc https://t.co/ywi1GZSGqL",0.0,0.0
319,englewood,2016-03-03 19:49:52,0.0,60.0,"RT @DNAinfoCHI: .@SpikeLee calls @chancetherapper a ""fraud,"" rips local critics of #Chiraq https://t.co/z3O29Z6yOc https://t.co/ywi1GZSGqL",0.0,0.0
320,englewood,2016-03-03 19:47:05,0.0,0.0,"Spike Lee Calls Chance the Rapper 'Fraud,' Rips Local Critics of 'Chi-Raq' - DNAinfo https://t.co/6w6jcC795E",0.0,0.0
321,englewood,2016-03-03 19:45:42,0.0,60.0,"RT @DNAinfoCHI: .@SpikeLee calls @chancetherapper a ""fraud,"" rips local critics of #Chiraq https://t.co/z3O29Z6yOc https://t.co/ywi1GZSGqL",0.0,0.0
322,englewood,2016-03-03 19:43:42,0.0,60.0,"RT @DNAinfoCHI: .@SpikeLee calls @chancetherapper a ""fraud,"" rips local critics of #Chiraq https://t.co/z3O29Z6yOc https://t.co/ywi1GZSGqL",0.0,0.0
323,englewood,2016-03-03 19:43:34,0.0,60.0,"RT @DNAinfoCHI: .@SpikeLee calls @chancetherapper a ""fraud,"" rips local critics of #Chiraq https://t.co/z3O29Z6yOc https://t.co/ywi1GZSGqL",0.0,0.0
324,englewood,2016-03-03 19:37:01,0.0,60.0,"RT @DNAinfoCHI: .@SpikeLee calls @chancetherapper a ""fraud,"" rips local critics of #Chiraq https://t.co/z3O29Z6yOc https://t.co/ywi1GZSGqL",0.0,0.0
325,englewood,2016-03-03 19:36:59,0.0,0.0,"@LaurenceWHolmes  Spike Lee calls Chance The Rapper a ""fraud,"" rips local critics of #Chiraq https://t.co/Pn2N5uraW8 https://t.co/vTj65lTc70",0.0,0.0
326,englewood,2016-03-03 19:36:46,0.0,0.0,"@goldietaylor  Spike Lee calls Chance The Rapper a ""fraud,"" rips local critics of #Chiraq https://t.co/Pn2N5uraW8 https://t.co/vTj65lTc70",0.0,0.0
327,englewood,2016-03-03 19:36:38,0.0,0.0,"@Nettaaaaaaaa  Spike Lee calls Chance The Rapper a ""fraud,"" rips local critics of #Chiraq https://t.co/Pn2N5uraW8 https://t.co/vTj65lTc70",0.0,0.0
328,englewood,2016-03-03 19:36:33,0.0,0.0,"@ShaunKing  Spike Lee calls Chance The Rapper a ""fraud,"" rips local critics of #Chiraq https://t.co/Pn2N5uraW8 https://t.co/vTj65lTc70",0.0,0.0
329,englewood,2016-03-03 19:36:27,0.0,0.0,"@deray Spike Lee calls Chance The Rapper a ""fraud,"" rips local critics of #Chiraq https://t.co/Pn2N5uraW8 https://t.co/vTj65lTc70",0.0,0.0
330,englewood,2016-03-03 19:33:35,0.0,60.0,"RT @DNAinfoCHI: .@SpikeLee calls @chancetherapper a ""fraud,"" rips local critics of #Chiraq https://t.co/z3O29Z6yOc https://t.co/ywi1GZSGqL",0.0,0.0
331,englewood,2016-03-03 19:31:53,0.0,60.0,"RT @DNAinfoCHI: .@SpikeLee calls @chancetherapper a ""fraud,"" rips local critics of #Chiraq https://t.co/z3O29Z6yOc https://t.co/ywi1GZSGqL",0.0,0.0
332,englewood,2016-03-03 19:30:08,0.0,60.0,"RT @DNAinfoCHI: .@SpikeLee calls @chancetherapper a ""fraud,"" rips local critics of #Chiraq https://t.co/z3O29Z6yOc https://t.co/ywi1GZSGqL",0.0,0.0
333,englewood,2016-03-03 19:29:40,0.0,60.0,"RT @DNAinfoCHI: .@SpikeLee calls @chancetherapper a ""fraud,"" rips local critics of #Chiraq https://t.co/z3O29Z6yOc https://t.co/ywi1GZSGqL",0.0,0.0
334,englewood,2016-03-03 19:29:13,0.0,60.0,"RT @DNAinfoCHI: .@SpikeLee calls @chancetherapper a ""fraud,"" rips local critics of #Chiraq https://t.co/z3O29Z6yOc https://t.co/ywi1GZSGqL",0.0,0.0
335,englewood,2016-03-03 19:27:40,0.0,60.0,"RT @DNAinfoCHI: .@SpikeLee calls @chancetherapper a ""fraud,"" rips local critics of #Chiraq https://t.co/z3O29Z6yOc https://t.co/ywi1GZSGqL",0.0,0.0
336,englewood,2016-03-03 19:26:55,0.0,60.0,"RT @DNAinfoCHI: .@SpikeLee calls @chancetherapper a ""fraud,"" rips local critics of #Chiraq https://t.co/z3O29Z6yOc https://t.co/ywi1GZSGqL",0.0,0.0
337,englewood,2016-03-03 19:25:05,0.0,60.0,"RT @DNAinfoCHI: .@SpikeLee calls @chancetherapper a ""fraud,"" rips local critics of #Chiraq https://t.co/z3O29Z6yOc https://t.co/ywi1GZSGqL",0.0,0.0
338,englewood,2016-03-03 19:23:57,0.0,60.0,"RT @DNAinfoCHI: .@SpikeLee calls @chancetherapper a ""fraud,"" rips local critics of #Chiraq https://t.co/z3O29Z6yOc https://t.co/ywi1GZSGqL",0.0,0.0
339,englewood,2016-03-03 19:22:52,0.0,60.0,"RT @DNAinfoCHI: .@SpikeLee calls @chancetherapper a ""fraud,"" rips local critics of #Chiraq https://t.co/z3O29Z6yOc https://t.co/ywi1GZSGqL",0.0,0.0
340,englewood,2016-03-03 19:20:24,0.0,3.0,RT @d_holli: South Side Chicago Struggles with Abandoned Buildings: Demolish or Rehab? https://t.co/yqIiCevrMU localw weigh in via @AndreaV‚Ä¶,0.0,0.0
341,englewood,2016-03-03 19:17:59,0.0,0.0,"Thought-provoking Q&amp;A at @NorthwesternU about #chiraqthemovie with @SpikeLee last night--https://t.co/hxv7NSD9tS, https://t.co/wPoutKMmRr",0.0,0.0
342,englewood,2016-03-03 18:54:31,0.0,3.0,RT @d_holli: South Side Chicago Struggles with Abandoned Buildings: Demolish or Rehab? https://t.co/yqIiCevrMU localw weigh in via @AndreaV‚Ä¶,0.0,0.0
343,englewood,2016-03-03 17:49:55,0.0,5.0,"RT @stonedefenselaw: Man Was Drunk As He Blew Red Light, Caused Crash That Ejected Kids: Police https://t.co/AIf5L1sfau",0.0,0.0
344,englewood,2016-03-03 17:45:58,0.0,60.0,"RT @DNAinfoCHI: .@SpikeLee calls @chancetherapper a ""fraud,"" rips local critics of #Chiraq https://t.co/z3O29Z6yOc https://t.co/ywi1GZSGqL",0.0,0.0
345,englewood,2016-03-03 17:36:26,0.0,0.0,"Spike Lee Calls Chance the Rapper 'Fraud,' Rips Local Critics of 'Chi-Raq' via @DNAinfoCHI https://t.co/KqEfpNbClU",0.0,0.0
346,englewood,2016-03-03 17:30:10,0.0,2.0,"RT @AJamaal96351: One person was fatally shot by Chicago police Sunday in the West Englewood neighborhood on the city's South Side, police ‚Ä¶",0.0,0.0
347,englewood,2016-03-03 17:07:13,0.0,2.0,"RT @dnainfo_breen: @ShaunKing Spike Lee Calls Chance The Rapper 'Fraud,' Rips Local Critics of 'Chiraq' https://t.co/9JJ1sMQJ6d https://t.c‚Ä¶",0.0,0.0
348,englewood,2016-03-03 17:05:11,1.0,0.0,"Good write up about efforts to support residents in Flint, MI - Check it out! https://t.co/hF91DoSPQQ https://t.co/PCaqD2QKrE",0.0,0.0
349,englewood,2016-03-03 17:02:32,0.0,2.0,"RT @dnainfo_breen: @ShaunKing Spike Lee Calls Chance The Rapper 'Fraud,' Rips Local Critics of 'Chiraq' https://t.co/9JJ1sMQJ6d https://t.c‚Ä¶",0.0,0.0
350,englewood,2016-03-03 16:42:51,0.0,0.0,#GreatinEnglewood - Englewood Groups Unite to Help Flint Water Crisis Victims via @DNAinfoCHI https://t.co/w8GnVHOpl9,0.0,0.0
351,englewood,2016-03-03 16:40:35,0.0,0.0,"Spike Lee Calls Chance the Rapper 'Fraud,' Rips Local Critics of 'Chi-Raq' via @DNAinfoCHI https://t.co/gQ14PpG9Lq",0.0,0.0
352,englewood,2016-03-03 16:39:38,0.0,0.0,"Spike Lee Calls Chance the Rapper 'Fraud,' Rips Local Critics of 'Chi-Raq' via @DNAinfoCHI https://t.co/E9SAcnPIhb",0.0,0.0
353,englewood,2016-03-03 16:37:18,0.0,0.0,TIF Thursdays - How Would Rate the Use of the Englewood Neighborhood TIF? https://t.co/A26fhsXaes via @everyblock,0.0,0.0
354,englewood,2016-03-03 16:20:04,0.0,2.0,"RT @evanFmoore: Spike Lee Calls Chance the Rapper 'Fraud,' Rips Local Critics of 'Chi-Raq' via @DNAinfoCHI https://t.co/CaD5RTfuxL",0.0,0.0
355,englewood,2016-03-03 16:19:58,0.0,60.0,"RT @DNAinfoCHI: .@SpikeLee calls @chancetherapper a ""fraud,"" rips local critics of #Chiraq https://t.co/z3O29Z6yOc https://t.co/ywi1GZSGqL",0.0,0.0
356,englewood,2016-03-03 16:18:35,1.0,0.0,"""We have to be able to listen to other people and respect their views."" Too bad Spike Lee didn't get that message https://t.co/2YJtLgkXGM",0.0,0.0
357,englewood,2016-03-03 16:15:04,0.0,2.0,"RT @evanFmoore: Spike Lee Calls Chance the Rapper 'Fraud,' Rips Local Critics of 'Chi-Raq' via @DNAinfoCHI https://t.co/CaD5RTfuxL",0.0,0.0
358,englewood,2016-03-03 16:13:01,0.0,2.0,"Spike Lee Calls Chance the Rapper 'Fraud,' Rips Local Critics of 'Chi-Raq' via @DNAinfoCHI https://t.co/CaD5RTfuxL",0.0,0.0
359,englewood,2016-03-03 15:56:07,1.0,0.0,So now you can't go to a memorial w/o getting shot? That's Chi-Whack https://t.co/C3iaIbQxWV,0.0,0.0
360,englewood,2016-03-03 15:54:56,0.0,0.0,I find it amusing that Spike Lee is so insistent on telling Chicagoans how to feel about their own city. https://t.co/0c3nwApw18,0.0,0.0
361,englewood,2016-03-03 15:51:14,0.0,0.0,ENGLEWOOD chicago create savages Oms,0.0,0.0
362,englewood,2016-03-03 15:49:29,0.0,60.0,"RT @DNAinfoCHI: .@SpikeLee calls @chancetherapper a ""fraud,"" rips local critics of #Chiraq https://t.co/z3O29Z6yOc https://t.co/ywi1GZSGqL",0.0,0.0
363,englewood,2016-03-03 15:38:56,0.0,60.0,"RT @DNAinfoCHI: .@SpikeLee calls @chancetherapper a ""fraud,"" rips local critics of #Chiraq https://t.co/z3O29Z6yOc https://t.co/ywi1GZSGqL",0.0,0.0
364,englewood,2016-03-03 15:34:20,0.0,60.0,"RT @DNAinfoCHI: .@SpikeLee calls @chancetherapper a ""fraud,"" rips local critics of #Chiraq https://t.co/z3O29Z6yOc https://t.co/ywi1GZSGqL",0.0,0.0
365,englewood,2016-03-03 15:29:13,0.0,60.0,"RT @DNAinfoCHI: .@SpikeLee calls @chancetherapper a ""fraud,"" rips local critics of #Chiraq https://t.co/z3O29Z6yOc https://t.co/ywi1GZSGqL",0.0,0.0
366,englewood,2016-03-03 15:23:03,1.0,0.0,State Saves Englewood Charter School Despite CPS Effort to Close It via @DNAinfoCHI https://t.co/s0kLZxJcLk,0.0,0.0
367,englewood,2016-03-03 15:22:02,0.0,60.0,"RT @DNAinfoCHI: .@SpikeLee calls @chancetherapper a ""fraud,"" rips local critics of #Chiraq https://t.co/z3O29Z6yOc https://t.co/ywi1GZSGqL",0.0,0.0
368,englewood,2016-03-03 15:20:26,0.0,60.0,"RT @DNAinfoCHI: .@SpikeLee calls @chancetherapper a ""fraud,"" rips local critics of #Chiraq https://t.co/z3O29Z6yOc https://t.co/ywi1GZSGqL",0.0,0.0
369,englewood,2016-03-03 15:18:31,0.0,0.0,"Chiraq was complete bore! RT @DNAinfoCHI :@SpikeLee calls @chancetherapper a ""fraud"" rips local critics of #Chiraq https://t.co/QH3pSkyzAF",0.0,0.0
370,englewood,2016-03-03 15:18:30,0.0,60.0,"RT @DNAinfoCHI: .@SpikeLee calls @chancetherapper a ""fraud,"" rips local critics of #Chiraq https://t.co/z3O29Z6yOc https://t.co/ywi1GZSGqL",0.0,0.0
371,englewood,2016-03-03 15:16:22,0.0,0.0,"PHONEY Spike Lee FROM NY Calls Chance The Rapper 'Fraud,' Rips Local Critics of 'Chi-Raq' via @DNAinfoCHI https://t.co/SMxAvGfpk2",0.0,0.0
372,englewood,2016-03-03 15:15:10,0.0,0.0,"Spike Lee Calls Chance The Rapper 'Fraud,' Rips Local Critics of 'Chi-Raq' https://t.co/K91krmo9At https://t.co/5tpY4aLEF1",0.0,0.0
373,englewood,2016-03-03 15:14:50,0.0,60.0,"RT @DNAinfoCHI: .@SpikeLee calls @chancetherapper a ""fraud,"" rips local critics of #Chiraq https://t.co/z3O29Z6yOc https://t.co/ywi1GZSGqL",0.0,0.0
374,englewood,2016-03-03 15:14:50,0.0,60.0,"RT @DNAinfoCHI: .@SpikeLee calls @chancetherapper a ""fraud,"" rips local critics of #Chiraq https://t.co/z3O29Z6yOc https://t.co/ywi1GZSGqL",0.0,0.0
375,englewood,2016-03-03 15:14:31,0.0,60.0,"RT @DNAinfoCHI: .@SpikeLee calls @chancetherapper a ""fraud,"" rips local critics of #Chiraq https://t.co/z3O29Z6yOc https://t.co/ywi1GZSGqL",0.0,0.0
376,englewood,2016-03-03 15:13:47,0.0,60.0,"RT @DNAinfoCHI: .@SpikeLee calls @chancetherapper a ""fraud,"" rips local critics of #Chiraq https://t.co/z3O29Z6yOc https://t.co/ywi1GZSGqL",0.0,0.0
377,englewood,2016-03-03 15:12:55,0.0,60.0,"RT @DNAinfoCHI: .@SpikeLee calls @chancetherapper a ""fraud,"" rips local critics of #Chiraq https://t.co/z3O29Z6yOc https://t.co/ywi1GZSGqL",0.0,0.0
378,englewood,2016-03-03 15:12:28,0.0,60.0,"RT @DNAinfoCHI: .@SpikeLee calls @chancetherapper a ""fraud,"" rips local critics of #Chiraq https://t.co/z3O29Z6yOc https://t.co/ywi1GZSGqL",0.0,0.0
379,englewood,2016-03-03 15:11:52,0.0,60.0,"RT @DNAinfoCHI: .@SpikeLee calls @chancetherapper a ""fraud,"" rips local critics of #Chiraq https://t.co/z3O29Z6yOc https://t.co/ywi1GZSGqL",0.0,0.0
380,englewood,2016-03-03 15:11:26,0.0,60.0,"RT @DNAinfoCHI: .@SpikeLee calls @chancetherapper a ""fraud,"" rips local critics of #Chiraq https://t.co/z3O29Z6yOc https://t.co/ywi1GZSGqL",0.0,0.0
381,englewood,2016-03-03 15:09:06,0.0,1.0,"RT @SHERMradio: RT @DNAinfoCHI: .@SpikeLee calls @chancetherapper a ""fraud,"" rips local critics of #Chiraq https://t.co/7rIyFDbk5E https://‚Ä¶",0.0,0.0
382,englewood,2016-03-03 15:08:08,0.0,1.0,"RT @DNAinfoCHI: .@SpikeLee calls @chancetherapper a ""fraud,"" rips local critics of #Chiraq https://t.co/7rIyFDbk5E https://t.co/8cECirSQpl",0.0,0.0
383,englewood,2016-03-03 15:04:23,0.0,60.0,"RT @DNAinfoCHI: .@SpikeLee calls @chancetherapper a ""fraud,"" rips local critics of #Chiraq https://t.co/z3O29Z6yOc https://t.co/ywi1GZSGqL",0.0,0.0
384,englewood,2016-03-03 15:04:21,0.0,2.0,"@ShaunKing Spike Lee Calls Chance The Rapper 'Fraud,' Rips Local Critics of 'Chiraq' https://t.co/9JJ1sMQJ6d https://t.co/pYumY1f8Jg",0.0,0.0
385,englewood,2016-03-03 15:04:12,0.0,0.0,"@deray Spike Lee Calls Chance The Rapper 'Fraud,' Rips Local Critics of 'Chiraq' https://t.co/9JJ1sMQJ6d https://t.co/Wv1IrcyP6X",0.0,0.0
386,englewood,2016-03-03 15:03:59,0.0,0.0,"@SpikeLee Calls @chancetherapper 'Fraud,' Rips Local Critics of 'Chiraq' https://t.co/9JJ1sMQJ6d https://t.co/21Uok58Y8H",0.0,0.0
387,englewood,2016-03-03 15:03:50,48.0,60.0,".@SpikeLee calls @chancetherapper a ""fraud,"" rips local critics of #Chiraq https://t.co/z3O29Z6yOc https://t.co/ywi1GZSGqL",0.0,0.0
388,englewood,2016-03-03 15:01:57,0.0,0.0,South Side Struggles With Abandoned Buildings: Demolish or Rehab?  via @DNAinfoCHI https://t.co/D9XAmq32Fp I vote DEMOLISH,0.0,0.0
389,englewood,2016-03-03 14:39:42,0.0,5.0,"RT @stonedefenselaw: Man Was Drunk As He Blew Red Light, Caused Crash That Ejected Kids: Police https://t.co/AIf5L1sfau",0.0,0.0
390,englewood,2016-03-03 13:33:28,0.0,0.0,Englewood Groups Unite to Help Flint Water Crisis Victims via @DNAinfoCHI https://t.co/7UzVGTk4Gk,0.0,0.0
391,englewood,2016-03-03 12:16:58,0.0,0.0,"720 W 61st St, Englewood, #Chicago #architecture https://t.co/tgobFGupyz",0.0,0.0
392,englewood,2016-03-03 11:39:05,0.0,10.0,RT @Food_Tank: Cafe hopes to build up Chicago's #Englewood with healthier food: https://t.co/mUCSG3dmuL @chicagotribune https://t.co/8Wok4E‚Ä¶,0.0,0.0
393,englewood,2016-03-03 11:30:25,0.0,12.0,RT @ProgsToday: #BlackLiveSmatter little to other blacks in Chicago ==&gt; Man and Woman Shot While at Memorial for Slain Family Member https:‚Ä¶,0.0,0.0
394,englewood,2016-03-03 10:11:16,0.0,2.0,RT @chicagonewsnow: Man shot in West Englewood https://t.co/mUlJScHdZD #chicago https://t.co/Y8qlUrUZW8,0.0,0.0
395,englewood,2016-03-03 10:04:55,0.0,0.0,Man shot in West Englewood - https://t.co/hzwVkhhOKK,0.0,0.0
396,englewood,2016-03-03 10:04:55,0.0,0.0,Man shot in West Englewood https://t.co/Le1GW46CdV,0.0,0.0
397,englewood,2016-03-03 10:04:55,0.0,0.0,Man shot in West Englewood - https://t.co/LPsF8zpVUV,0.0,0.0
398,englewood,2016-03-03 10:04:42,0.0,0.0,Lincoln Report (Man shot in West Englewood)  https://t.co/LPsF8zHxjv https://t.co/tBcn8zTBcn,0.0,0.0
399,englewood,2016-03-03 09:13:48,1.0,0.0,chicagonewsnow: Man shot in West Englewood https://t.co/i9ub2lccWH #chicago https://t.co/rX0xLqg92q,0.0,0.0
400,englewood,2016-03-03 09:11:59,1.0,0.0,chicagonewsnow: Man shot in West Englewood https://t.co/R2z7hOUfDt #chicago https://t.co/EoeCyODxaW,0.0,0.0
401,englewood,2016-03-03 08:56:56,0.0,10.0,RT @Food_Tank: Cafe hopes to build up Chicago's #Englewood with healthier food: https://t.co/mUCSG3dmuL @chicagotribune https://t.co/8Wok4E‚Ä¶,0.0,0.0
402,englewood,2016-03-03 08:55:08,2.0,2.0,Man shot in West Englewood https://t.co/mUlJScHdZD #chicago https://t.co/Y8qlUrUZW8,0.0,0.0
403,englewood,2016-03-03 07:53:59,0.0,0.0,Man shot in West Englewood https://t.co/Lqa9xaHGRR,0.0,0.0
404,englewood,2016-03-03 07:47:02,0.0,12.0,RT @ProgsToday: #BlackLiveSmatter little to other blacks in Chicago ==&gt; Man and Woman Shot While at Memorial for Slain Family Member https:‚Ä¶,0.0,0.0
405,englewood,2016-03-03 07:46:38,0.0,12.0,RT @ProgsToday: #BlackLiveSmatter little to other blacks in Chicago ==&gt; Man and Woman Shot While at Memorial for Slain Family Member https:‚Ä¶,0.0,0.0
406,englewood,2016-03-03 07:44:42,0.0,12.0,RT @ProgsToday: #BlackLiveSmatter little to other blacks in Chicago ==&gt; Man and Woman Shot While at Memorial for Slain Family Member https:‚Ä¶,0.0,0.0
407,englewood,2016-03-03 05:55:08,0.0,12.0,RT @ProgsToday: #BlackLiveSmatter little to other blacks in Chicago ==&gt; Man and Woman Shot While at Memorial for Slain Family Member https:‚Ä¶,0.0,0.0
408,englewood,2016-03-03 05:10:25,0.0,12.0,RT @ProgsToday: #BlackLiveSmatter little to other blacks in Chicago ==&gt; Man and Woman Shot While at Memorial for Slain Family Member https:‚Ä¶,0.0,0.0
409,englewood,2016-03-03 05:08:22,0.0,5.0,"RT @stonedefenselaw: Man Was Drunk As He Blew Red Light, Caused Crash That Ejected Kids: Police https://t.co/AIf5L1sfau",0.0,0.0
410,englewood,2016-03-03 03:46:07,0.0,0.0,"chicagonewsnow: Englewood Drive-By Shooting Kills Man Monday Morning, Police Say https://t.co/tJzzB7uWIw #chicago https://t.co/a1geiWOAI5",0.0,0.0
411,englewood,2016-03-03 03:38:18,0.0,2.0,"RT @chicagonewsnow: Englewood Drive-By Shooting Kills Man Monday Morning, Police Say https://t.co/cCHKf77Q1S #chicago https://t.co/MguXSorz‚Ä¶",0.0,0.0
412,englewood,2016-03-03 03:29:53,0.0,0.0,Man and Woman Shot While at Memorial for Slain Family Member Wednesday https://t.co/tvxcobLZiV,0.0,0.0
413,englewood,2016-03-03 02:54:20,0.0,3.0,"RT @IHSAScoreZone: #IHSA BKB/3A Chicago (C. Vocational) 66, Chicago (Urban Prep/Englewood) 55 @PlaySmartHard",0.0,0.0
414,englewood,2016-03-03 02:44:54,0.0,0.0,chicagonewsnow: Man and Woman Shot While at Memorial for Slain Family Member Wednesday https://t.co/X3Rb0Ediye #c‚Ä¶ https://t.co/i4NfdBPSSy,0.0,0.0
415,englewood,2016-03-03 02:00:50,0.0,1.0,Man and woman shot while visiting slain family member's memorial https://t.co/k1IgiaKJsj https://t.co/DG6m4SGGrO,0.0,0.0
416,englewood,2016-03-03 00:56:47,0.0,4.0,"RT @DNAinfoCHI: Man and woman shot while visiting slain family member's memorial in #Englewood, police say https://t.co/8tBIRSL3s3 https://‚Ä¶",0.0,0.0
